-- --------------------------------------------------------
-- Host:                         127.0.0.1
-- Server version:               8.0.30 - MySQL Community Server - GPL
-- Server OS:                    Win64
-- HeidiSQL Version:             12.1.0.6537
-- --------------------------------------------------------

/*!40101 SET @OLD_CHARACTER_SET_CLIENT=@@CHARACTER_SET_CLIENT */;
/*!40101 SET NAMES utf8 */;
/*!50503 SET NAMES utf8mb4 */;
/*!40103 SET @OLD_TIME_ZONE=@@TIME_ZONE */;
/*!40103 SET TIME_ZONE='+00:00' */;
/*!40014 SET @OLD_FOREIGN_KEY_CHECKS=@@FOREIGN_KEY_CHECKS, FOREIGN_KEY_CHECKS=0 */;
/*!40101 SET @OLD_SQL_MODE=@@SQL_MODE, SQL_MODE='NO_AUTO_VALUE_ON_ZERO' */;
/*!40111 SET @OLD_SQL_NOTES=@@SQL_NOTES, SQL_NOTES=0 */;


-- Dumping database structure for lab_potter
DROP DATABASE IF EXISTS `lab_potter`;
CREATE DATABASE IF NOT EXISTS `lab_potter` /*!40100 DEFAULT CHARACTER SET utf8mb4 COLLATE utf8mb4_0900_ai_ci */ /*!80016 DEFAULT ENCRYPTION='N' */;
USE `lab_potter`;

-- Dumping structure for table lab_potter.blood_status
DROP TABLE IF EXISTS `blood_status`;
CREATE TABLE IF NOT EXISTS `blood_status` (
  `index` bigint DEFAULT NULL,
  `blood_status` text,
  KEY `ix_blood_status_index` (`index`)
) ENGINE=InnoDB DEFAULT CHARSET=utf8mb4 COLLATE=utf8mb4_0900_ai_ci;

-- Dumping data for table lab_potter.blood_status: ~14 rows (approximately)
REPLACE INTO `blood_status` (`index`, `blood_status`) VALUES
	(1, 'Pure-blood'),
	(2, 'Pure-blood or half-blood'),
	(3, 'Half-blood'),
	(4, 'Pure-blood or half-blood'),
	(5, 'Pure-blood or Half-blood'),
	(6, 'Pure-blood (most likely)'),
	(7, 'Pure-blood or half-blood (most likely)'),
	(8, 'Pure-blood or Half-blood'),
	(9, 'Pure-blood or half-blood (likely)'),
	(10, 'Pure-blood or half-blood (presumably)'),
	(11, 'Half-blood (most likely)'),
	(12, 'Half-breed (one-eighth-Veela)'),
	(13, 'Muggle-born or half-blood (possibly)'),
	(14, 'Pure-blood or half-blood (possibly)');

-- Dumping structure for table lab_potter.characters
DROP TABLE IF EXISTS `characters`;
CREATE TABLE IF NOT EXISTS `characters` (
  `index` bigint DEFAULT NULL,
  `name` text,
  `alias_names` text,
  `blood_status` double DEFAULT NULL,
  `birth` text,
  `death` text,
  `gender` double DEFAULT NULL,
  `house` text,
  `jobs` text,
  `job` text,
  `species` double DEFAULT NULL,
  `hair_colour` text,
  `loyalty` text,
  KEY `ix_characters_index` (`index`)
) ENGINE=InnoDB DEFAULT CHARSET=utf8mb4 COLLATE=utf8mb4_0900_ai_ci;

-- Dumping data for table lab_potter.characters: ~281 rows (approximately)
REPLACE INTO `characters` (`index`, `name`, `alias_names`, `blood_status`, `birth`, `death`, `gender`, `house`, `jobs`, `job`, `species`, `hair_colour`, `loyalty`) VALUES
	(1, 'Abigail Pugh', NULL, NULL, '31 August 1982 or earlier', NULL, 2, 'Slytherin', NULL, NULL, NULL, NULL, NULL),
	(2, 'Abraham Ronen', NULL, NULL, 'Before 1866 (likely)', NULL, 1, 'Slytherin', 'Charms Master at Hogwarts School of Witchcraft and Wizardry, Head of Slytherin House at Hogwarts School of Witchcraft and Wizardry', NULL, NULL, NULL, NULL),
	(3, 'Abraxas Malfoy', NULL, 1, 'before 1936 (most likely)', 'Pre 2 September 1996', 1, 'Slytherin', NULL, NULL, NULL, NULL, NULL),
	(4, 'Adelaide Murton', NULL, NULL, '31 August 1982 or earlier', NULL, 2, 'Slytherin', NULL, NULL, NULL, NULL, NULL),
	(5, 'Adrian Pucey', NULL, NULL, 'Between 1 September 1977 and 31 August 1979 (likely)', NULL, 1, 'Slytherin', NULL, NULL, NULL, NULL, NULL),
	(6, 'Aesop Sharp', NULL, NULL, 'In or before 1858', NULL, 1, 'Slytherin', 'Auror (formerly), Potions Master at Hogwarts School of Witchcraft and Wizardry', NULL, NULL, NULL, NULL),
	(7, 'Agnes Monkleigh', NULL, NULL, '31 August 1982 or earlier', NULL, 2, 'Slytherin', NULL, NULL, NULL, NULL, NULL),
	(8, 'Albus Severus Potter', 'Al (by Harry Potter), Slytherin Squib (by Karl Jenkins), Ronald Weasley (under disguise of Polyjuice Potion)', 3, 'Between 1 September 2005 and 31 August 2006 Great Britain', NULL, 1, 'Slytherin', NULL, NULL, NULL, NULL, NULL),
	(9, 'Alecto Carrow', NULL, 2, 'Before 1981, Great Britain', NULL, 2, 'Slytherin', 'Professor of Muggle Studies at Hogwarts (1997—1998), Deputy Headmistress at Hogwarts (1997—1998)', NULL, NULL, NULL, NULL),
	(10, 'Alex Sykes', NULL, NULL, '31 August 1985 or earlier', NULL, 1, 'Slytherin', NULL, NULL, NULL, NULL, NULL),
	(11, 'Alphard Black', NULL, 1, 'Between 1925 and 1938; Great Britain', 'Between 3 November 1976 and 3 November 1977 (aged 38–52)', 1, 'Slytherin', NULL, NULL, NULL, NULL, NULL),
	(12, 'Amrish Gupta', NULL, NULL, '31 August 1982 or earlier', NULL, 1, 'Slytherin', NULL, NULL, NULL, NULL, NULL),
	(13, 'Amycus Carrow', NULL, 5, 'Pre 1964 (likely), Great Britain', NULL, 1, 'Slytherin', 'Professor of Dark Arts at Hogwarts (1997 - 1998), Deputy Headmaster (1997 - 1998)', NULL, NULL, NULL, NULL),
	(14, 'Amy Frome', NULL, NULL, '31 August 1982 or earlier,', NULL, 2, 'Slytherin', NULL, NULL, NULL, NULL, NULL),
	(15, 'Andrew Snowy Owl', NULL, NULL, 'c. 1930s', NULL, 1, 'Slytherin', NULL, NULL, NULL, NULL, NULL),
	(16, 'Andromeda Tonks (née Black)', 'Dromeda (by Ted Tonks)', 1, 'Between 1951 and 1955, Great Britain', NULL, 2, 'Slytherin', NULL, NULL, NULL, NULL, NULL),
	(17, 'Anne Sallow', NULL, 2, 'Between 1 September 1874 and 31 August 1875', NULL, 2, 'Slytherin', NULL, NULL, NULL, NULL, NULL),
	(18, 'Araminta Meliflua Black', NULL, 1, 'approx. 1920s - no later than 1978', NULL, 2, 'Slytherin', NULL, NULL, NULL, NULL, NULL),
	(19, 'Archana Shetty', NULL, NULL, '31 August 1982 or earlier', NULL, 2, 'Slytherin', NULL, NULL, NULL, NULL, NULL),
	(20, 'Atsushi Takagi', NULL, NULL, '31 August 1982 or earlier', NULL, 1, 'Slytherin', NULL, NULL, NULL, NULL, NULL),
	(21, 'Avery', NULL, 5, 'Late 1950s or early 1960s', NULL, 1, 'Slytherin', NULL, NULL, NULL, NULL, NULL),
	(22, 'Avery I', NULL, 9, 'Between 1925 and 1932', NULL, 1, 'Slytherin', NULL, NULL, NULL, NULL, NULL),
	(23, 'Barnaby Abernathy Lee', NULL, 2, 'Between 1 September 1972 and 31 August 1973', NULL, 1, 'Slytherin', 'Houndmaster', NULL, NULL, NULL, NULL),
	(24, 'Barnaby Lee\'s father', NULL, 2, 'Before 1970s', NULL, 1, 'Slytherin', NULL, NULL, NULL, NULL, NULL),
	(25, 'Barnaby Lee\'s mother', NULL, 10, 'Before 1970s', NULL, 2, 'Slytherin', NULL, NULL, NULL, NULL, NULL),
	(26, 'Bastien Queensbury', NULL, NULL, '31 August 1982 or earlier', NULL, 1, 'Slytherin', NULL, NULL, NULL, NULL, NULL),
	(27, 'Bellatrix Lestrange (née Black)', 'Bella (by Narcissa Malfoy, Voldemort, Lucius Malfoy, Kreacher & Severus Snape)', 1, '1951, Great Britain', '2 May 1998 (aged 46/47), Great Hall, Hogwarts Castle, Highlands, Scotland, Great Britain', 2, 'Slytherin', NULL, NULL, NULL, NULL, NULL),
	(28, 'Bespectacled Slytherin', NULL, NULL, 'Between 1 September 1979 and 31 August 1980', NULL, 2, 'Slytherin', NULL, NULL, NULL, NULL, NULL),
	(29, 'Bhupen Shastri', NULL, NULL, '31 August 1982 or earlier', NULL, 1, 'Slytherin', NULL, NULL, NULL, NULL, NULL),
	(30, 'Blaise Zabini', NULL, 2, '1 September 1979 – 21 April 1980', NULL, 1, 'Slytherin', NULL, NULL, NULL, NULL, NULL),
	(31, 'Bowen Duffield', NULL, NULL, '31 August 1982 or earlier', NULL, 1, 'Slytherin', NULL, NULL, NULL, NULL, NULL),
	(32, 'Boy who attended Charm School', NULL, 11, 'Between 1 September 1979 and 31 August 1980', NULL, 1, 'Slytherin', NULL, NULL, NULL, NULL, NULL),
	(33, 'Boy who owned a magic hamster', NULL, 2, 'Between 1 September 1979 and 31 August 1980', NULL, 1, 'Slytherin', NULL, NULL, NULL, NULL, NULL),
	(34, 'Bridget', NULL, NULL, 'c. 1 September 1975 - 31 August 1981', NULL, 2, 'Slytherin', NULL, NULL, NULL, NULL, NULL),
	(35, 'Byron Miller', NULL, NULL, '31 August 1982 or earlier', NULL, 1, 'Slytherin', NULL, NULL, NULL, NULL, NULL),
	(36, 'Callidora Longbottom (née Black)', NULL, 1, '1915', 'Before 1995 (possibly)', 2, 'Slytherin', NULL, NULL, NULL, NULL, NULL),
	(37, 'Callum McClintock', NULL, 2, 'Glasgow, Scotland', NULL, 1, 'Slytherin', 'Curse-Breaker for Gringotts Wizarding Bank (formerly), Agent of the Rare, Obscure, and Confounding Case Division', NULL, NULL, NULL, NULL),
	(38, 'Callum McClintock\'s parents', NULL, NULL, NULL, NULL, 3, 'Slytherin', NULL, NULL, NULL, NULL, NULL),
	(39, 'Cameron Boyle', NULL, NULL, '31 August 1982 or earlier', NULL, 1, 'Slytherin', NULL, NULL, NULL, NULL, NULL),
	(40, 'Cassandra Vole', NULL, 12, 'Between 22 June and 22 July 1997', NULL, 2, 'Slytherin', NULL, NULL, NULL, NULL, NULL),
	(41, 'Cassiopeia Black', NULL, 1, '1915', '1992 (aged 76–77)', 2, 'Slytherin', NULL, NULL, NULL, NULL, NULL),
	(42, 'Cassius Warrington', NULL, NULL, 'Between 1 September and 31 October 1977 (most likely)', NULL, 1, 'Slytherin', NULL, NULL, NULL, NULL, NULL),
	(43, 'Catriona McClintock', NULL, 2, 'Glasgow, Scotland', NULL, 2, 'Slytherin', NULL, NULL, NULL, NULL, NULL),
	(44, 'Cedrella Weasley (née Black)', NULL, 1, 'Between 1 October 1915 and 31 March 1919', 'Before 1995 (presumably) (aged 30-80)', 2, 'Slytherin', NULL, NULL, NULL, NULL, NULL),
	(45, 'Charis Crouch (née Black)', NULL, 1, '1919', '1973 (aged 53 - 54)', 2, 'Slytherin', NULL, NULL, NULL, NULL, NULL),
	(46, 'Charles Machin', NULL, NULL, '31 August 1982 or earlier', NULL, 1, 'Slytherin', NULL, NULL, NULL, NULL, NULL),
	(47, 'Charles Rookwood', NULL, NULL, NULL, NULL, 1, 'Slytherin', 'Professor of Transfiguration at Hogwarts School of Witchcraft and Wizardry', NULL, NULL, NULL, NULL),
	(48, 'Coeus Grimshaw', NULL, NULL, 'Between 1 September 1990 and 31 August 1997', NULL, 1, 'Slytherin', NULL, NULL, NULL, NULL, NULL),
	(49, 'Colby Frey', NULL, NULL, 'Between 21 May and 21 June 1997', NULL, 1, 'Slytherin', NULL, NULL, NULL, NULL, NULL),
	(50, 'Cole Spencer', NULL, NULL, '31 August 1982 or earlier', NULL, 1, 'Slytherin', NULL, NULL, NULL, NULL, NULL),
	(51, 'Colton', NULL, NULL, 'Between 1 September 1990 and 31 August 1996', NULL, 1, 'Slytherin', NULL, NULL, NULL, NULL, NULL),
	(52, 'Corvinus Gaunt', NULL, 1, 'Between 1 September 1682 and 31 August 1789', 'In or before June 1925', 1, 'Slytherin', NULL, NULL, NULL, NULL, NULL),
	(53, 'Cousin of a boy who failed the Avifors Spell', NULL, NULL, 'Between 1 September 1979 and 31 August 1980', NULL, 2, 'Slytherin', NULL, NULL, NULL, NULL, NULL),
	(54, 'Craig Bowker Junior', NULL, 2, 'Between 1 September 2005 and 31 August 2006', '30 October 2020 (aged 14/15), Hogwarts Quidditch pitch, Highlands, Scotland, Great Britain', 1, 'Slytherin', NULL, NULL, NULL, NULL, NULL),
	(55, 'Curtis Evercreech', NULL, NULL, '31 August 1982 or earlier', NULL, 1, 'Slytherin', NULL, NULL, NULL, NULL, NULL),
	(56, 'Cygnus Black III', NULL, 1, '1938', '1992 (aged 53–54)', 1, 'Slytherin', NULL, NULL, NULL, NULL, NULL),
	(57, 'Damon Gosforth', NULL, NULL, '31 August 1982 or earlier', NULL, 1, 'Slytherin', NULL, NULL, NULL, NULL, NULL),
	(58, 'Dan Darker', NULL, NULL, 'Between 1731 and 1735', NULL, NULL, 'Slytherin', NULL, NULL, NULL, NULL, NULL),
	(59, 'Daphne Greengrass', NULL, 1, 'Between 1 September 1979 and 31 August 1980', NULL, 2, 'Slytherin', NULL, NULL, NULL, NULL, NULL),
	(60, 'Darius Berrow', NULL, NULL, '31 August 1982 or earlier', NULL, 1, 'Slytherin', NULL, NULL, NULL, NULL, NULL),
	(61, 'Daryl Morden', NULL, NULL, '31 August 1982 or earlier', NULL, 1, 'Slytherin', NULL, NULL, NULL, NULL, NULL),
	(62, 'David Makehay', NULL, NULL, 'Between 1743 and 1747', NULL, 1, 'Slytherin', NULL, NULL, NULL, NULL, NULL),
	(63, 'Diane Carter', NULL, NULL, '31 August 1982 or earlier', NULL, 2, 'Slytherin', NULL, NULL, NULL, NULL, NULL),
	(64, 'Dolores Jane Umbridge', NULL, 3, '26 August 1961 or earlier', NULL, 2, 'Slytherin', 'Head of the Improper Use of Magic Office (formerly), Senior Undersecretary to the Minister for Magic (before 1995-1998), Professor of Defence Against the Dark Arts at Hogwarts (1995-1996), High Inquisitor of Hogwarts (1995-1996), Headmistress of Hogwarts (1996), Head of the Muggle-Born Registration Commission (1997-1998)', NULL, NULL, NULL, NULL),
	(65, 'Dorea Black', NULL, 1, '1920', '1977 (aged 56-57)', 2, 'Slytherin', NULL, NULL, NULL, NULL, NULL),
	(66, 'Draco Lucius Malfoy', NULL, 1, '5 June 1980, Great Britain', NULL, 1, 'Slytherin', NULL, NULL, NULL, NULL, NULL),
	(67, 'Duncan Ashe', NULL, NULL, 'Between 1 September 1962 and 31 August 1963', '1970s - 1980s', 1, 'Slytherin', NULL, NULL, NULL, NULL, NULL),
	(68, 'Dungeon Corridor Slytherin Prefect (I)', NULL, NULL, 'Between 1 September 1975 - 31 August 1978 (most likely)', NULL, 1, 'Slytherin', NULL, NULL, NULL, NULL, NULL),
	(69, 'Dungeon Corridor Slytherin Prefect (II)', NULL, NULL, 'Between 1 September 1975 - 31 August 1978 (most likely)', NULL, 1, 'Slytherin', NULL, NULL, NULL, NULL, NULL),
	(70, 'Elizabeth Burke', NULL, 5, NULL, 'Before 1925', 2, 'Slytherin', 'Headmistress of Hogwarts (before 1943)', NULL, NULL, NULL, NULL),
	(71, 'Ella Wilkins', NULL, NULL, '1 September 1978 - 31 August 1982', NULL, 2, 'Slytherin', NULL, NULL, NULL, NULL, NULL),
	(72, 'Emily', NULL, NULL, 'Before 1890', 'Before 1890', 2, 'Slytherin', NULL, NULL, NULL, NULL, NULL),
	(73, 'Emma Vanity', NULL, NULL, 'c. 1960s', NULL, 2, 'Slytherin', NULL, NULL, NULL, NULL, NULL),
	(74, 'Evan Rosier', NULL, 2, 'Between 1953 and 1966 (most likely)', 'Late 1980 - late 1981', 1, 'Slytherin', NULL, NULL, NULL, NULL, NULL),
	(75, 'Felix Rosier', NULL, 2, 'Between 1 September 1968 and 31 August 1969', NULL, 1, 'Slytherin', 'Dragonologist', NULL, NULL, NULL, NULL),
	(76, 'Female Slytherin student', NULL, NULL, 'Between 1 September 1979 and 31 August 1980', NULL, 2, 'Slytherin', NULL, NULL, NULL, NULL, NULL),
	(77, 'Fergus Cowley', NULL, NULL, '31 August  1982 or earlier', NULL, 1, 'Slytherin', NULL, NULL, NULL, NULL, NULL),
	(78, 'Fischer Frey', NULL, NULL, 'Between 21 May and 21 June 1997', NULL, 1, 'Slytherin', NULL, NULL, NULL, NULL, NULL),
	(79, 'Flora Carrow', NULL, 5, '31 August 1985 or earlier', NULL, 2, 'Slytherin', NULL, NULL, NULL, NULL, NULL),
	(80, 'Gabriel Lithgow', NULL, NULL, '31 August 1982 or earlier', NULL, 1, 'Slytherin', NULL, NULL, NULL, NULL, NULL),
	(81, 'Garrick Newbourne', NULL, NULL, '31 August 1982 or earlier', NULL, 1, 'Slytherin', NULL, NULL, NULL, NULL, NULL),
	(82, 'Gemma Farley', NULL, NULL, 'Between 1 September 1973 and 31 August 1976', NULL, 2, 'Slytherin', NULL, NULL, NULL, NULL, NULL),
	(83, 'Gertrude Meads', NULL, NULL, '31 August 1982 or earlier', NULL, 2, 'Slytherin', NULL, NULL, NULL, NULL, NULL),
	(84, 'Gideon Scalby', NULL, NULL, '31 August 1982 or earlier', NULL, 1, 'Slytherin', NULL, NULL, NULL, NULL, NULL),
	(85, 'Glynis Mexborough', NULL, NULL, '31 August 1982 or earlier,', NULL, 2, 'Slytherin', NULL, NULL, NULL, NULL, NULL),
	(86, 'Gordon Pummell', NULL, NULL, '31 August 1985 or earlier', NULL, 1, 'Slytherin', NULL, NULL, NULL, NULL, NULL),
	(87, 'Gormlaith Gaunt', 'William Sayre', 1, 'c. 1576 (possibly), Ireland', 'c. 1634 Ilvermorny School of Witchcraft and Wizardry, Mount Greylock, Massachusetts, United States of America', 2, 'Slytherin', NULL, NULL, NULL, NULL, NULL),
	(88, 'Grace Pinch-Smedley', NULL, 2, 'Between 1 September 1874 and 31 August 1875, Bath (possibly)', NULL, 2, 'Slytherin', NULL, NULL, NULL, NULL, NULL),
	(89, 'Graham Montague', NULL, NULL, 'In or prior to c.1981', NULL, 1, 'Slytherin', NULL, NULL, NULL, NULL, NULL),
	(90, 'Graham Pritchard', NULL, NULL, 'Between 1 September 1982 and 31 August 1983', NULL, 1, 'Slytherin', NULL, NULL, NULL, NULL, NULL),
	(91, 'Grant Sparkford', NULL, NULL, '31 August 1982 or earlier', NULL, 1, 'Slytherin', NULL, NULL, NULL, NULL, NULL),
	(92, 'Gregory Goyle', NULL, 1, 'Between 1 September 1979 and 31 August 1980', NULL, 1, 'Slytherin', NULL, NULL, NULL, NULL, NULL),
	(93, 'Gwydion Idris', NULL, 3, 'c. 1810s', NULL, 1, 'Slytherin', NULL, NULL, NULL, NULL, NULL),
	(94, 'Harper', NULL, 6, 'between 1 September 1980 and 31 August 1981', NULL, 1, 'Slytherin', NULL, NULL, NULL, NULL, NULL),
	(95, 'Hayley Quentin', NULL, NULL, '31 August 1982 or earlier', NULL, 2, 'Slytherin', NULL, NULL, NULL, NULL, NULL),
	(96, 'Heather Thatcham', NULL, NULL, '31 August 1982 or earlier', NULL, 2, 'Slytherin', NULL, NULL, NULL, NULL, NULL),
	(97, 'Hestia Carrow', NULL, 5, '31 August 1985 or earlier', NULL, 2, 'Slytherin', NULL, NULL, NULL, NULL, NULL),
	(98, 'Hirohisa Kubo', NULL, NULL, '31 August 1982 or earlier', NULL, 1, 'Slytherin', NULL, NULL, NULL, NULL, NULL),
	(99, 'Holden Ledbury', NULL, NULL, '31 August 1982 or earlier', NULL, 1, 'Slytherin', NULL, NULL, NULL, NULL, NULL),
	(100, 'Horace Eugene Flaccus Slughorn', 'Old Sluggy (by Cormac McLaggen and Hermione Granger)', 2, '28 April between 1882 and 1913, Great Britain', NULL, 1, 'Slytherin', 'Potions Master at Hogwarts School of Witchcraft and Wizardry (c. 1931–1981; 1996–between 2008 and 2011), Head of Slytherin House at Hogwarts School of Witchcraft and Wizardry (?–1981; 1997–between 2008 and 2011), Owner of the Apothecarium of Horace E. F. Slughorn (?)', NULL, NULL, NULL, NULL),
	(101, 'Horatio Pershore', NULL, NULL, '31 August 1982 or earlier', NULL, 1, 'Slytherin', NULL, NULL, NULL, NULL, NULL),
	(102, 'Hortense Rowland', NULL, NULL, '31 August 1982 or earlier', NULL, 2, 'Slytherin', NULL, NULL, NULL, NULL, NULL),
	(103, 'Howard', NULL, NULL, 'Before 1890', 'Before 1890', 1, 'Slytherin', NULL, NULL, NULL, NULL, NULL),
	(104, 'Imelda Reyes', NULL, 2, 'Between 1 September 1874 and 31 August 1875', NULL, 2, 'Slytherin', NULL, NULL, NULL, NULL, NULL),
	(105, 'Imelda Reyes\'s father', NULL, NULL, 'Before 31 August 1875', NULL, 1, 'Slytherin', NULL, NULL, NULL, NULL, NULL),
	(106, 'Imogen Stretton', NULL, NULL, '1 September 1978 - 31 August 1982 (most likely)', NULL, 2, 'Slytherin', NULL, NULL, NULL, NULL, NULL),
	(107, 'Irfan Mustaq', NULL, NULL, '31 August 1982 or earlier', NULL, 1, 'Slytherin', NULL, NULL, NULL, NULL, NULL),
	(108, 'Irving Cram', NULL, NULL, '31 August 1985 or earlier', NULL, 1, 'Slytherin', NULL, NULL, NULL, NULL, NULL),
	(109, 'Ismelda Murk', NULL, NULL, 'Between 1 September 1972 and 31 August 1973', NULL, 2, 'Slytherin', NULL, NULL, NULL, NULL, NULL),
	(110, 'Jody Jacknife', NULL, NULL, 'c. 1950s', NULL, 2, 'Slytherin', NULL, NULL, NULL, NULL, NULL),
	(111, 'Jo King', NULL, NULL, 'c. 1940s', NULL, 2, 'Slytherin', NULL, NULL, NULL, NULL, NULL),
	(112, 'Junpei Suruga', NULL, NULL, '31 August 1982 or earlier', NULL, 1, 'Slytherin', NULL, NULL, NULL, NULL, NULL),
	(113, 'Katie Rayknolls', NULL, NULL, 'Between 1 September 1709 and 31 August 1712', NULL, 2, 'Slytherin', NULL, NULL, NULL, NULL, NULL),
	(114, 'Kelly', NULL, NULL, '20th century', NULL, NULL, 'Slytherin', NULL, NULL, NULL, NULL, NULL),
	(115, 'Kevin Bletchley', NULL, NULL, '31 August 1982 or earlier', NULL, 1, 'Slytherin', NULL, NULL, NULL, NULL, NULL),
	(116, 'Kinjal Bhatia', NULL, NULL, '31 August 1982 or earlier', NULL, 2, 'Slytherin', NULL, NULL, NULL, NULL, NULL),
	(117, 'Kris Kolumbiko', NULL, NULL, 'Between 1739 and 1743', NULL, 1, 'Slytherin', NULL, NULL, NULL, NULL, NULL),
	(118, 'Lestrange', NULL, 1, 'c. 1926', NULL, 1, 'Slytherin', NULL, NULL, NULL, NULL, NULL),
	(119, 'Leta Lestrange', NULL, 1, 'Between September 1896 and late April 1897, Lestrange Manor', 'Early September 1927 (aged 30/31), Lestrange Mausoleum, Père Lachaise Cemetery, Paris, France', 2, 'Slytherin', 'Employee of the Department of Magical Law Enforcement, Assistant to Torquil Travers', NULL, NULL, NULL, NULL),
	(120, 'Liz Tuttle', 'Lizard, Coach Tuttle', 2, 'Between 1 September 1972 and 31 August 1973', NULL, 2, 'Slytherin', 'Magizoologist', NULL, NULL, NULL, NULL),
	(121, 'Lucian Bole', NULL, NULL, 'Between 1 September 1976 and 31 August 1977', NULL, 1, 'Slytherin', NULL, NULL, NULL, NULL, NULL),
	(122, 'Lucinda Talkalot', NULL, NULL, 'c. 1960s', NULL, 2, 'Slytherin', NULL, NULL, NULL, NULL, NULL),
	(123, 'Lucius Malfoy', NULL, 1, 'Between 9 September 1953 and 8 September 1954', NULL, 1, 'Slytherin', 'School Governor of Hogwarts School of Witchcraft and Wizardry (?-1993), British Ministry of Magic official (?-1996)', NULL, NULL, NULL, NULL),
	(124, 'Lucretia Prewett (née Black)', NULL, 1, '1925, Great Britain', '1992 (aged 66–67)', 2, 'Slytherin', NULL, NULL, NULL, NULL, NULL),
	(125, 'Mafalda', NULL, 13, 'Between 1 September 1982 and 31 August 1983', NULL, 2, 'Slytherin', NULL, NULL, NULL, NULL, NULL),
	(126, 'Malcolm Baddock', NULL, NULL, 'between 1 September 1982 and 31 August 1983', NULL, 1, 'Slytherin', NULL, NULL, NULL, NULL, NULL),
	(127, 'Malcolm Ilminster', NULL, NULL, '31 August 1982 or earlier', NULL, 1, 'Slytherin', NULL, NULL, NULL, NULL, NULL),
	(128, 'Male Slytherin student', NULL, NULL, NULL, NULL, 1, 'Slytherin', NULL, NULL, NULL, NULL, NULL),
	(129, 'Male Slytherin Student', NULL, NULL, 'between 1 September 1979 and 31 August 1980', NULL, 1, 'Slytherin', NULL, NULL, NULL, NULL, NULL),
	(130, 'Male Slytherin Student', NULL, NULL, NULL, NULL, 1, 'Slytherin', NULL, NULL, NULL, NULL, NULL),
	(131, 'Manami Ichijoh', NULL, NULL, '31 August 1982 or earlier', NULL, 2, 'Slytherin', NULL, NULL, NULL, NULL, NULL),
	(132, 'Marcus Flint', NULL, 14, 'between 1 September 1975 and 31 August 1976 Great Britain', NULL, 1, 'Slytherin', NULL, NULL, NULL, NULL, NULL),
	(133, 'Mark Overcliff', NULL, NULL, 'c. 1740s–1750s', NULL, 1, 'Slytherin', NULL, NULL, NULL, NULL, NULL),
	(134, 'Mark Sommertime', NULL, NULL, 'Between 1723 and 1727', NULL, 1, 'Slytherin', NULL, NULL, NULL, NULL, NULL),
	(135, 'Mathilda Greenford', NULL, NULL, '31 August 1982 or earlier', NULL, 2, 'Slytherin', NULL, NULL, NULL, NULL, NULL),
	(136, 'Maxwell Lazenby', NULL, NULL, '31 August 1982 or earlier', NULL, 1, 'Slytherin', NULL, NULL, NULL, NULL, NULL),
	(137, 'Maynard Hatton', NULL, NULL, '31 August 1982 or earlier', NULL, 1, 'Slytherin', NULL, NULL, NULL, NULL, NULL),
	(138, 'Megan Rowstock', NULL, NULL, '31 August 1982 or earlier', NULL, 2, 'Slytherin', NULL, NULL, NULL, NULL, NULL),
	(139, 'Merlin', 'Prince of Enchanters', NULL, 'c. 982 or later', NULL, 1, 'Slytherin', 'Advisor to King Arthur and his court', NULL, NULL, NULL, NULL),
	(140, 'Merula Snyde', 'The Most Powerful Witch at Hogwarts (by herself), The Most Powerful Stirrer at Hogwarts (by herself), The Most Delicious Witch at Hogwarts (by herself), The Most Powerful Snyde (by herself), The Most Powerful Puffskein at Hogwarts (by Jacob\'s sibling)', 2, 'Between 1 September 1972 and 31 August 1973', NULL, 2, 'Slytherin', 'Barmaid at the Three Broomsticks Inn (formerly), Employee at Zonko\'s Joke Shop(formerly), Barmaid at the Hog\'s Head Inn', NULL, NULL, NULL, NULL),
	(141, 'Merula Snyde\'s father', NULL, 2, '1950s or earlier (most likely)', NULL, 1, 'Slytherin', NULL, NULL, NULL, NULL, NULL),
	(142, 'Merula Snyde\'s mother', NULL, 2, '1950s or earlier (most likely)', NULL, 2, 'Slytherin', NULL, NULL, NULL, NULL, NULL),
	(143, 'Michael Robinson', NULL, NULL, '31 August 1982 or earlier', NULL, 1, 'Slytherin', NULL, NULL, NULL, NULL, NULL),
	(144, 'Mildred Peebles', NULL, NULL, '31 August 1982 or earlier', NULL, 2, 'Slytherin', NULL, NULL, NULL, NULL, NULL),
	(145, 'Miles Bletchley', NULL, NULL, 'c. 1977-1979', NULL, 1, 'Slytherin', NULL, NULL, NULL, NULL, NULL),
	(146, 'Millicent Bulstrode', NULL, 3, 'between 1 September 1979 and 31 August 1980', NULL, 2, 'Slytherin', NULL, NULL, NULL, NULL, NULL),
	(147, 'Muriel Rothley', NULL, NULL, '31 August 1982 or earlier', NULL, 2, 'Slytherin', NULL, NULL, NULL, NULL, NULL),
	(148, 'Narcissa Malfoy (née Black)', 'Cissy (by Bellatrix Lestrange and Kreacher)', 1, '1955, Great Britain', NULL, 2, 'Slytherin', NULL, NULL, NULL, NULL, NULL),
	(149, 'Neil Lament', NULL, NULL, 'c. 1930s', NULL, 1, 'Slytherin', NULL, NULL, NULL, NULL, NULL),
	(150, 'Nerida Roberts', NULL, NULL, 'Between 1 September 1874 and 31 August 1875', NULL, 2, 'Slytherin', NULL, NULL, NULL, NULL, NULL),
	(151, 'Nerissa Brody', NULL, NULL, '31 August 1982 or earlier', NULL, 2, 'Slytherin', NULL, NULL, NULL, NULL, NULL),
	(152, 'Nerys Orpington', NULL, NULL, '31 August 1982 or earlier', NULL, 2, 'Slytherin', NULL, NULL, NULL, NULL, NULL),
	(153, 'Nigel\'s nephew', NULL, 6, '31 August 1981 or earlier', NULL, 1, 'Slytherin', NULL, NULL, NULL, NULL, NULL),
	(154, 'Niles Hanley', NULL, NULL, '31 August 1982 or earlier', NULL, 1, 'Slytherin', NULL, NULL, NULL, NULL, NULL),
	(155, 'Norman Stacey', NULL, NULL, '31 August 1982 or earlier', NULL, 1, 'Slytherin', NULL, NULL, NULL, NULL, NULL),
	(156, 'Olivia Shardlow', NULL, NULL, '31 August 1982 or earlier', NULL, 2, 'Slytherin', NULL, NULL, NULL, NULL, NULL),
	(157, 'Ominis Gaunt', NULL, 1, 'Between 1 September 1874 and 31 August 1875', 'Between 31 August 1891 and June 1925 (aged 16–50)', 1, 'Slytherin', NULL, NULL, NULL, NULL, NULL),
	(158, 'Ona Parangyo', NULL, NULL, '31 August 1982 or earlier', NULL, 2, 'Slytherin', NULL, NULL, NULL, NULL, NULL),
	(159, 'Orion Black', NULL, 1, '1929, Great Britain', '1979 (aged 49/50)', 1, 'Slytherin', NULL, NULL, NULL, NULL, NULL),
	(160, 'Pansy Parkinson', NULL, 2, 'Between 1 September 1979 and 31 August 1980', NULL, 2, 'Slytherin', NULL, NULL, NULL, NULL, NULL),
	(161, 'Penelope Fawley (née Padgett)', 'Nel', 2, 'c. 1982', NULL, 2, 'Slytherin', 'Auror', NULL, NULL, NULL, NULL),
	(162, 'Peregrine Derrick', NULL, NULL, 'Between 1 September 1976 and 31 August 1977', NULL, 1, 'Slytherin', NULL, NULL, NULL, NULL, NULL),
	(163, 'Peter', NULL, NULL, 'between 1 September 1975 and 31 August 1981 (most likely)', NULL, 1, 'Slytherin', NULL, NULL, NULL, NULL, NULL),
	(164, 'Philomena', NULL, NULL, 'Before 1890', NULL, 2, 'Slytherin', NULL, NULL, NULL, NULL, NULL),
	(165, 'Phineas Nigellus Black', NULL, 1, '1847, Great Britain', '1925 (aged 77/78)', 1, 'Slytherin', 'Headmaster of Hogwarts School of Witchcraft and Wizardry', NULL, NULL, NULL, NULL),
	(166, 'Phylis Whitehead', NULL, NULL, '31 August 1982 or earlier', NULL, 2, 'Slytherin', NULL, NULL, NULL, NULL, NULL),
	(167, 'Pike', NULL, NULL, 'Between 1 September 1979 and 31 August 1980', NULL, 1, 'Slytherin', NULL, NULL, NULL, NULL, NULL),
	(168, 'Poonima Shah', NULL, NULL, '31 August 1982 or earlier', NULL, 2, 'Slytherin', NULL, NULL, NULL, NULL, NULL),
	(169, 'Priscilla Wakefield', NULL, NULL, 'Between 1 September 1874 and 31 August 1875', NULL, 2, 'Slytherin', NULL, NULL, NULL, NULL, NULL),
	(170, 'Rabastan Lestrange', NULL, 1, 'Pre 1964', NULL, 1, 'Slytherin', NULL, NULL, NULL, NULL, NULL),
	(171, 'Rachel', NULL, NULL, 'Between 1 September 1975 and 31 August 1981 (most likely)', NULL, 2, 'Slytherin', NULL, NULL, NULL, NULL, NULL),
	(172, 'Regulus Arcturus Black', 'R.A.B.', 1, '1961 Great Britain', '1979 (aged 17/18), The Cave, Great Britain', 1, 'Slytherin', NULL, NULL, NULL, NULL, NULL),
	(173, 'Reiko Sibazaki', NULL, NULL, '31 August 1982 or earlier', NULL, 2, 'Slytherin', NULL, NULL, NULL, NULL, NULL),
	(174, 'Robin Higgy', NULL, NULL, 'Between 1719 and 1723', NULL, 1, 'Slytherin', NULL, NULL, NULL, NULL, NULL),
	(175, 'Rodolphus Lestrange', NULL, 1, 'Pre 1953, Great Britain', NULL, 1, 'Slytherin', NULL, NULL, NULL, NULL, NULL),
	(176, 'Rodrick Lyme', NULL, NULL, 'Between 1 September 1990 and 31 August 1993', NULL, 1, 'Slytherin', NULL, NULL, NULL, NULL, NULL),
	(177, 'Ronald Phipps', NULL, NULL, '31 August 1982 or earlier', NULL, 1, 'Slytherin', NULL, NULL, NULL, NULL, NULL),
	(178, 'Roy', NULL, NULL, 'between 1 September 1975 and 31 August 1981 (most likely)', NULL, 1, 'Slytherin', NULL, NULL, NULL, NULL, NULL),
	(179, 'Rufus Winickus', NULL, NULL, 'c. 1940s', NULL, 1, 'Slytherin', NULL, NULL, NULL, NULL, NULL),
	(180, 'Russell Lucky', NULL, NULL, 'Between 1727 and 1731', NULL, 1, 'Slytherin', NULL, NULL, NULL, NULL, NULL),
	(181, 'Sadie Baldock', NULL, NULL, '31 August 1982 or earlier', NULL, 2, 'Slytherin', NULL, NULL, NULL, NULL, NULL),
	(182, 'Salazar Slytherin', 'Serpent-tongue', 1, 'Pre 976', NULL, 1, 'Slytherin', 'Professor at Hogwarts School of Witchcraft and Wizardry, Founder of Hogwarts School of Witchcraft and Wizardry', NULL, NULL, NULL, NULL),
	(183, 'Salazar Slytherin\'s student', NULL, 2, 'fl. 10th – 11th century', NULL, NULL, 'Slytherin', NULL, NULL, NULL, NULL, NULL),
	(184, 'San Bakar', NULL, NULL, NULL, NULL, 1, 'Slytherin', 'Professor of Beasts at Hogwarts School of Witchcraft and Wizardry', NULL, NULL, NULL, NULL),
	(185, 'Scabior', NULL, 2, 'Before 1980 (most likely)', '2 May 1998, Hogwarts Castle, Scotland', 1, 'Slytherin', 'Snatcher', NULL, NULL, NULL, NULL),
	(186, 'Scarlett Lympsham', NULL, NULL, '31 August 1982 or earlier', NULL, 2, 'Slytherin', NULL, NULL, NULL, NULL, NULL),
	(187, 'Scorpius Hyperion Malfoy', 'Malfoy the Unanxious (by himself), Scorpius the Dreadless (by himself), Scorpion King (by Hogwarts students in an alternate reality), Harry Potter (under disguise of Polyjuice Potion)', 1, 'Between 1 September 2005 and 31 August 2006, Great Britain', NULL, 1, 'Slytherin', NULL, NULL, NULL, NULL, NULL),
	(188, 'Sebastian Daley', NULL, NULL, '31 August 1982 or earlier', NULL, 1, 'Slytherin', NULL, NULL, NULL, NULL, NULL),
	(189, 'Sebastian Sallow', NULL, 2, 'Between 1 September 1874 and 31 August 1875', NULL, 1, 'Slytherin', NULL, NULL, NULL, NULL, NULL),
	(190, 'Selina Moore', NULL, NULL, '1 September 1975 - early July 1982', NULL, 2, 'Slytherin', NULL, NULL, NULL, NULL, NULL),
	(191, 'Severus Snape', 'Half-Blood Prince, Snivellus/Snivelly (by Marauders), Sev (by Lily Potter), Slytherus (Potterwatch), The Potions Master', 3, '9 January 1960, Spinner\'s End, Cokeworth, Midlands, England, Great Britain', '2 May 1998 (aged 38), Shrieking Shack, Hogsmeade, Highlands, Scotland, Great Britain', 1, 'Slytherin', 'Potions Master at Hogwarts (1981-1996), Head of Slytherin House (1981-1997), Professor of Defence Against the Dark Arts at Hogwarts (1996-1997), Headmaster of Hogwarts (1997-1998)', NULL, NULL, NULL, NULL),
	(192, 'Shawn Morris', NULL, NULL, '31 August 1982 or earlier,', NULL, 1, 'Slytherin', NULL, NULL, NULL, NULL, NULL),
	(193, 'Simon Dedworth', NULL, NULL, '31 August 1985 or earlier', NULL, 1, 'Slytherin', NULL, NULL, NULL, NULL, NULL),
	(194, 'Sixth-year Inquisitorial Squad member', NULL, NULL, 'Between 1 September 1978 and 31 August 1979 (most likely)', NULL, 2, 'Slytherin', NULL, NULL, NULL, NULL, NULL),
	(195, 'Slytherin boy who drank a botched potion', NULL, NULL, 'Between 1 September 1972 and 31 August 1973', NULL, 1, 'Slytherin', NULL, NULL, NULL, NULL, NULL),
	(196, 'Slytherin Duelling Club Captain', NULL, NULL, '31 August 1985 or earlier', NULL, 1, 'Slytherin', NULL, NULL, NULL, NULL, NULL),
	(197, 'Slytherin student', NULL, NULL, '31 August 1983 or earlier', NULL, 1, 'Slytherin', NULL, NULL, NULL, NULL, NULL),
	(198, 'Slytherin student', NULL, NULL, '31 August 1983 or earlier', NULL, 1, 'Slytherin', NULL, NULL, NULL, NULL, NULL),
	(199, 'Slytherin Wizard Duelling Champion', NULL, NULL, '31 August 1981 or earlier', NULL, 1, 'Slytherin', NULL, NULL, NULL, NULL, NULL),
	(200, 'Slytherin Wizard\'s Chess champion', NULL, NULL, 'Between 1 September 1977 and 31 August 1984 (most likely)', NULL, 1, 'Slytherin', NULL, NULL, NULL, NULL, NULL),
	(201, 'Sourav Kartik', NULL, NULL, '31 August  1982 or earlier', NULL, 1, 'Slytherin', NULL, NULL, NULL, NULL, NULL),
	(202, 'Spencer Whiddon', NULL, NULL, '31 August 1982 or earlier', NULL, 1, 'Slytherin', NULL, NULL, NULL, NULL, NULL),
	(203, 'Steve Laughalot', NULL, NULL, 'c. 1950s', NULL, 1, 'Slytherin', NULL, NULL, NULL, NULL, NULL),
	(204, 'Stuart Craggy', NULL, NULL, 'c. 1950s', NULL, 1, 'Slytherin', NULL, NULL, NULL, NULL, NULL),
	(205, 'Sylvia Melville', NULL, NULL, '31 August 1982 or earlier', NULL, 2, 'Slytherin', NULL, NULL, NULL, NULL, NULL),
	(206, 'Tabitha Bainbridge', NULL, NULL, '31 August 1982 or earlier', NULL, 2, 'Slytherin', NULL, NULL, NULL, NULL, NULL),
	(207, 'Terence Higgs', NULL, NULL, '31 August 1979 or earlier', NULL, 1, 'Slytherin', NULL, NULL, NULL, NULL, NULL),
	(208, 'The Bloody Baron', NULL, 7, 'Post 982 (possibly)', '11th centuryAlbania, Southeastern Europe', 1, 'Slytherin', 'Slytherin House Ghost', NULL, NULL, NULL, NULL),
	(209, 'Theodore Nott', NULL, 1, 'Between 1 September 1979 and 21 April 1980', NULL, 1, 'Slytherin', NULL, NULL, NULL, NULL, NULL),
	(210, 'Third-floor corridor Slytherin Prefect (I)', NULL, NULL, '1 September 1974–31 August 1976 (most likely)', NULL, 1, 'Slytherin', NULL, NULL, NULL, NULL, NULL),
	(211, 'Third-floor corridor Slytherin Prefect (II)', NULL, NULL, 'Between 1 September 1975 and 31 August 1978 (most likely)', NULL, 1, 'Slytherin', NULL, NULL, NULL, NULL, NULL),
	(212, 'Thomas McGruder', NULL, NULL, '31 August 1982 or earlier', NULL, 1, 'Slytherin', NULL, NULL, NULL, NULL, NULL),
	(213, 'Timothy Morcott', NULL, 7, '31 August 1982 or earlier', NULL, 1, 'Slytherin', NULL, NULL, NULL, NULL, NULL),
	(214, 'Titus Mitcham', NULL, NULL, '31 August 1982 or earlier,', NULL, 1, 'Slytherin', NULL, NULL, NULL, NULL, NULL),
	(215, 'Tom Marvolo Riddle', 'Lord Voldemort (self-proclaimed title and chosen name), You-Know-Who (by wizarding community), He-Who-Must-Not-Be-Named  (by wizarding community), Heir of Slytherin, The Dark Lord, Chief Death Eater (by Lee Jordan)', 3, '31 December 1926, Wool\'s Orphanage, London, England, Great Britain', '2 May 1998 (aged 71), Great Hall, Hogwarts Castle, Highlands, Scotland, Great Britain', 1, 'Slytherin', 'Shop assistant at Borgin and Burkes (formerly)', NULL, NULL, NULL, NULL),
	(216, 'Tracey Davis', NULL, 3, 'Between 1 September 1979 and 31 August 1980', NULL, 2, 'Slytherin', NULL, NULL, NULL, NULL, NULL),
	(217, 'Tracey Nettlebed', NULL, NULL, '1 September 1978 - 31 August 1982', NULL, 2, 'Slytherin', NULL, NULL, NULL, NULL, NULL),
	(218, 'Tristram Bassenthwaite', NULL, NULL, '31 August 1982 or earlier', NULL, 1, 'Slytherin', NULL, NULL, NULL, NULL, NULL),
	(219, 'Trupti Kadam', NULL, NULL, '31 August 1982 or earlier', NULL, 2, 'Slytherin', NULL, NULL, NULL, NULL, NULL),
	(220, 'Uchi Akimbo', NULL, NULL, 'Between 1 September 1978 and 31 August 1982', NULL, 1, 'Slytherin', NULL, NULL, NULL, NULL, NULL),
	(221, 'Unidentified first-year boy', NULL, NULL, 'Between 1 September 1976 and 31 August 1977', NULL, 1, 'Slytherin', NULL, NULL, NULL, NULL, NULL),
	(222, 'Unidentified Knight', NULL, NULL, NULL, 'Before 1991 (possibly)', 1, 'Slytherin', NULL, NULL, NULL, NULL, NULL),
	(223, 'Unidentified little girl', NULL, NULL, 'c. 1984-1985', NULL, 2, 'Slytherin', NULL, NULL, NULL, NULL, NULL),
	(224, 'Unidentified Slytherin Beater', NULL, NULL, 'between 1 September 1974 and 31 August 1980', NULL, 1, 'Slytherin', NULL, NULL, NULL, NULL, NULL),
	(225, 'Unidentified Slytherin Beater (II)', NULL, NULL, '1970s', NULL, 1, 'Slytherin', NULL, NULL, NULL, NULL, NULL),
	(226, 'Unidentified Slytherin boy in the Battle of Hogwarts', NULL, NULL, '31 August 1986 or earlier', NULL, 1, 'Slytherin', NULL, NULL, NULL, NULL, NULL),
	(227, 'Unidentified Slytherin boy (IV)', NULL, NULL, 'Between 1 September 1872 and 31 August 1879', NULL, 1, 'Slytherin', NULL, NULL, NULL, NULL, NULL),
	(228, 'Unidentified Slytherin boy (V)', NULL, NULL, 'Between 1 September 1872 and 31 August 1879', NULL, 1, 'Slytherin', NULL, NULL, NULL, NULL, NULL),
	(229, 'Unidentified Slytherin bully', NULL, NULL, 'Between 1 September 1874 and 31 August 1875', NULL, 1, 'Slytherin', NULL, NULL, NULL, NULL, NULL),
	(230, 'Unidentified Slytherin girl', NULL, NULL, 'Between 1 September 1979 and 31 August 1980', NULL, 2, 'Slytherin', NULL, NULL, NULL, NULL, NULL),
	(231, 'Unidentified Slytherin girl', NULL, NULL, 'Between 1 September  1979 and 31 August 1980', NULL, 2, 'Slytherin', NULL, NULL, NULL, NULL, NULL),
	(232, 'Unidentified Slytherin girl (V)', NULL, NULL, 'Between 1 September 1872 and 31 August 1879', NULL, 2, 'Slytherin', NULL, NULL, NULL, NULL, NULL),
	(233, 'Unidentified Slytherin girl (VI)', NULL, NULL, 'Between 1 September 1872 and 31 August 1879', NULL, 2, 'Slytherin', NULL, NULL, NULL, NULL, NULL),
	(234, 'Unidentified Slytherin Keeper', NULL, NULL, '31 August 1985 or earlier', NULL, 1, 'Slytherin', NULL, NULL, NULL, NULL, NULL),
	(235, 'Unidentified Slytherin student', NULL, 2, 'Between 1 September 1979 and 31 August 1980', NULL, 2, 'Slytherin', NULL, NULL, NULL, NULL, NULL),
	(236, 'Unidentified third-year Slytherin boy', NULL, NULL, 'Between 1 September 1974 and 31 August 1975', NULL, 1, 'Slytherin', NULL, NULL, NULL, NULL, NULL),
	(237, 'Urquhart', NULL, NULL, '31 August 1984 or earlier (most likely)', NULL, 1, 'Slytherin', NULL, NULL, NULL, NULL, NULL),
	(238, 'Ursula Penkridge', NULL, NULL, '31 August 1982 or earlier', NULL, 2, 'Slytherin', NULL, NULL, NULL, NULL, NULL),
	(239, 'Vaisey', NULL, NULL, '31 August 1984 or earlier', NULL, 1, 'Slytherin', NULL, NULL, NULL, NULL, NULL),
	(240, 'Vicky Bishopper', NULL, NULL, 'Between 1 September 1713 and 31 August 1716', NULL, 2, 'Slytherin', NULL, NULL, NULL, NULL, NULL),
	(241, 'Vikram Thakur', NULL, NULL, '31 August 1982 or earlier', NULL, 1, 'Slytherin', NULL, NULL, NULL, NULL, NULL),
	(242, 'Vincent Crabbe', NULL, 1, 'Between 1 September 1979 and 31 August 1980', '2 May 1998 (aged 17/18) Room of Requirement, Hogwarts Castle, Highlands, Scotland, Great Britain', 1, 'Slytherin', NULL, NULL, NULL, NULL, NULL),
	(243, 'Viola Richmond', NULL, NULL, '1 September 1975 - 31 August 1982', NULL, 2, 'Slytherin', NULL, NULL, NULL, NULL, NULL),
	(244, 'Violet McDowell', NULL, NULL, 'Between 1 September 1874 and 31 August 1875', NULL, 2, 'Slytherin', NULL, NULL, NULL, NULL, NULL),
	(245, 'Walburga Black', NULL, 1, '1925, Great Britain', '1985 (aged 59-60)', 2, 'Slytherin', NULL, NULL, NULL, NULL, NULL),
	(246, 'Wilkes', NULL, NULL, '1950s or 1960s', '1980', NULL, 'Slytherin', NULL, NULL, NULL, NULL, NULL),
	(247, 'Winky Crockett', NULL, NULL, 'c. 1920s–1930s', NULL, NULL, 'Slytherin', NULL, NULL, NULL, NULL, NULL),
	(248, 'Xander Lofthouse', NULL, NULL, '31 August 1982 or earlier', NULL, 1, 'Slytherin', NULL, NULL, NULL, NULL, NULL),
	(249, 'Yatin Bhagat', NULL, NULL, '31 August 1982 or earlier', NULL, 1, 'Slytherin', NULL, NULL, NULL, NULL, NULL),
	(250, 'Yubert Thorne', NULL, 1, NULL, NULL, 1, 'Slytherin', 'Herbologist, Shop owner', NULL, NULL, NULL, NULL),
	(251, 'Yurika Haneda', NULL, NULL, '31 August 1982 or earlier', NULL, 2, 'Slytherin', NULL, NULL, NULL, NULL, NULL),
	(252, 'Zoe Accrington', NULL, NULL, '31 August 1982 or earlier', NULL, 2, 'Slytherin', NULL, NULL, NULL, NULL, NULL),
	(253, 'Zubeida Khan', NULL, NULL, '1 September 1975 - 31 August 1982,', NULL, 2, 'Slytherin', NULL, NULL, NULL, NULL, NULL),
	(47, 'Severus Snape', NULL, 3, '9 January 1960', '2 May, 1998', 1, 'Slytherin', NULL, 'Professor of Potions | Head of Slytherin', 1, 'Black', NULL),
	(48, 'Draco Malfoy', NULL, 1, '5 June, 1980', NULL, 1, 'Slytherin', NULL, 'Student', 1, 'White-blond', NULL),
	(49, 'Vincent Crabbe', NULL, 1, 'c. 1979-1980', '2 May, 1998', 1, 'Slytherin', NULL, 'Student', 1, 'Black', NULL),
	(50, 'Gregory Goyle', NULL, 1, '1 September 1979-31 August 1980', NULL, 1, 'Slytherin', NULL, 'Student', 1, 'Brown', NULL),
	(51, 'Bellatrix Lestrange', NULL, 1, '1951', '2 May, 1998', 2, 'Slytherin', NULL, NULL, 1, 'Black', 'Lord Voldemort  | Death Eaters'),
	(52, 'Dolores Jane Umbridge', NULL, 3, '26 August', NULL, 2, 'Slytherin', NULL, 'Professor of Defence Against the Dark Arts | Department of Magical Law Enforcement', 1, 'Iron grey', 'Ministry of Magic'),
	(53, 'Horace Eugene Flaccus Slughorn', NULL, 4, '28 April', NULL, NULL, 'Slytherin', NULL, 'Professor of Potions ', 1, 'Bald', NULL),
	(54, 'Lucius Malfoy', NULL, 1, 'c. 1954', NULL, 1, 'Slytherin', NULL, 'School Governor', 1, 'White-blond', 'Lord Voldemort  | Death Eaters'),
	(55, 'Narcissa Malfoy', NULL, 1, '1955', NULL, 2, 'Slytherin', NULL, NULL, 1, 'Blonde', 'Lord Voldemort  | Death Eaters'),
	(56, 'Regulus Arcturus Black', NULL, 1, '1961', '1979', 1, 'Slytherin', NULL, NULL, 1, 'Black', NULL),
	(57, 'Pansy Parkinson', NULL, 4, ' 1 September 1979- 31 August 1980', NULL, 2, 'Slytherin', NULL, 'Student', 1, NULL, NULL),
	(58, 'Blaise Zabini', NULL, 4, '1 September, 1979 – 21 April, 1980', NULL, 1, 'Slytherin', NULL, 'Student', 1, 'Black', NULL),
	(59, 'Tom Marvolo Riddle', NULL, 3, '31 December 1926', '2 May, 1998', 1, 'Slytherin', NULL, 'Student', 1, 'Bald', NULL),
	(60, 'Theodore Nott', NULL, 1, '1 September, 1979 – 21 April, 1980', NULL, 1, 'Slytherin', NULL, 'Student', 1, 'Brown', NULL),
	(61, 'Rodolphus Lestrange', NULL, 1, 'Pre 1964', NULL, 1, 'Slytherin', NULL, NULL, 1, 'Dark', 'Lord Voldemort  | Death Eaters'),
	(62, 'Millicent Bulstrode', NULL, 3, '1 September 1979- 31 August 1980 ', NULL, 2, 'Slytherin', NULL, 'Student', 1, 'Black', NULL),
	(63, 'Graham Montague', NULL, 4, 'In or prior to c.1981', NULL, 1, 'Slytherin', NULL, 'Student', 1, 'Brown', NULL),
	(64, 'Bloody Baron', NULL, 4, 'Post 982', '11th century', 1, 'Slytherin', NULL, 'Slytherin House Ghost', 3, NULL, NULL),
	(65, 'Marcus Flint', NULL, 4, ' 1 September 1975- 31 August 1976', NULL, 1, 'Slytherin', NULL, 'Student', 1, 'Black', NULL),
	(69, 'Salazar Slytherin', NULL, 1, 'Pre 976', '11th century', 1, 'Slytherin', NULL, 'Founder of Slytherin', 1, 'Grey', NULL),
	(77, 'Alecto Carrow', NULL, 4, 'Pre 1981', NULL, 2, 'Slytherin', NULL, 'Professor of Muggle Studies', 1, NULL, 'Lord Voldemort  | Death Eaters'),
	(78, 'Amycus Carrow', NULL, 4, 'Pre 1982', NULL, 1, 'Slytherin', NULL, 'Professor of Dark Arts', 1, NULL, 'Lord Voldemort  | Death Eaters'),
	(91, 'Walden Macnair', NULL, 4, 'In or before 1970s', NULL, 1, 'Slytherin', NULL, 'Executioner for the Committee for the Disposal of Dangerous Creatures', 1, 'Black', 'Lord Voldemort  | Death Eaters'),
	(92, 'Augustus Rookwood', NULL, 4, 'pre 1964', NULL, 1, 'Slytherin', NULL, 'Unspeakable', 1, 'Brown/greying', 'Lord Voldemort  | Death Eaters'),
	(93, 'Antonin Dolohov', NULL, 8, 'pre 1950', NULL, 1, 'Slytherin', NULL, 'Death Eater', 1, 'Dark', 'Lord Voldemort  | Death Eaters'),
	(94, 'Corban Yaxley', NULL, 8, 'Pre 1970s', NULL, 1, 'Slytherin', NULL, 'Head of the Department of Magical Law Enforcement', 1, 'Blonde', 'Lord Voldemort  | Death Eaters'),
	(126, 'Albus Severus Potter', NULL, 3, 'Between 1 September 2005-31 August 2006', NULL, 1, 'Slytherin', NULL, 'Student', 2, 'Jet-black', NULL),
	(127, 'Scorpius Hyperion Malfoy', NULL, 1, 'Between 1 September 2005-31 August 2007', NULL, 1, 'Slytherin', NULL, 'Student', 2, 'White blond', NULL);

-- Dumping structure for table lab_potter.gender
DROP TABLE IF EXISTS `gender`;
CREATE TABLE IF NOT EXISTS `gender` (
  `index` bigint DEFAULT NULL,
  `gender` text,
  KEY `ix_gender_index` (`index`)
) ENGINE=InnoDB DEFAULT CHARSET=utf8mb4 COLLATE=utf8mb4_0900_ai_ci;

-- Dumping data for table lab_potter.gender: ~3 rows (approximately)
REPLACE INTO `gender` (`index`, `gender`) VALUES
	(1, 'Male'),
	(2, 'Female'),
	(3, 'Male, female');

-- Dumping structure for table lab_potter.species
DROP TABLE IF EXISTS `species`;
CREATE TABLE IF NOT EXISTS `species` (
  `index` bigint DEFAULT NULL,
  `species` text,
  KEY `ix_species_index` (`index`)
) ENGINE=InnoDB DEFAULT CHARSET=utf8mb4 COLLATE=utf8mb4_0900_ai_ci;

-- Dumping data for table lab_potter.species: ~3 rows (approximately)
REPLACE INTO `species` (`index`, `species`) VALUES
	(1, 'Human'),
	(2, 'Human '),
	(3, 'Ghost');

/*!40103 SET TIME_ZONE=IFNULL(@OLD_TIME_ZONE, 'system') */;
/*!40101 SET SQL_MODE=IFNULL(@OLD_SQL_MODE, '') */;
/*!40014 SET FOREIGN_KEY_CHECKS=IFNULL(@OLD_FOREIGN_KEY_CHECKS, 1) */;
/*!40101 SET CHARACTER_SET_CLIENT=@OLD_CHARACTER_SET_CLIENT */;
/*!40111 SET SQL_NOTES=IFNULL(@OLD_SQL_NOTES, 1) */;
